ACCOUNT_ID,NUM_PRODUCED_BLOCKS,NUM_EXPECTED_BLOCKS,ONLINE
"node0",231487,231552,0.9997192855168602
"node1",229233,229392,0.9993068633605356
"node2",192027,193968,0.9899931947537738
"node3",73142,74736,0.9786715906658103
"bisontrails.pool.f863973.m0",33192,33264,0.9978354978354979
"orangeclub.pool.f863973.m0",28477,29376,0.9693967864923747
"staked.pool.6fb1358",27366,27648,0.9898003472222222
"dokia.pool.f863973.m0",22301,23328,0.9559756515775034
"fresh_lockup.pool.f863973.m0",20829,21168,0.983985260770975
"node.pool.6fb1358",15342,16416,0.9345760233918129
"jazza.pool.f863973.m0",15115,15120,0.9996693121693122
"inotel.pool.f863973.m0",12317,12528,0.9831577266922095
"pool_easy2stake.pool.f863973.m0",12050,12096,0.99619708994709
"alexandruast.pool.f863973.m0",11650,11664,0.9987997256515775
"sl1sub.pool.f863973.m0",11597,11664,0.9942558299039781
"kronos.pool.f863973.m0",11587,11665,0.9933133304757823
"top.pool.f863973.m0",11567,11664,0.9916838134430727
"01node.pool.f863973.m0",11551,11664,0.9903120713305898
"lunanova.pool.f863973.m0",11477,11664,0.9839677640603567
"zainy.pool.f863973.m0",11398,11664,0.9771947873799726
"dsrvlabs.pool.f863973.m0",10587,10800,0.9802777777777778
"staked.pool.f863973.m0",10171,10800,0.9417592592592593
"blazenet.pool.f863973.m0",10125,10800,0.9375
"thepassivetrust.pool.f863973.m0",10009,10800,0.9267592592592593
"masternode24.pool.f863973.m0",9956,10800,0.9218518518518518
"certusone.pool.f863973.m0",9492,10368,0.9155092592592593
"syncnode.pool.f863973.m0",9071,9072,0.999889770723104
"bazilik.pool.f863973.m0",8497,10368,0.8195408950617284
"sparkpool.pool.f863973.m0",8401,9936,0.845511272141707
"zpool.pool.f863973.m0",8029,8208,0.978192007797271
"nodeasy.pool.f863973.m0",7737,7776,0.9949845679012346
"iosg.pool.f863973.m0",7260,8208,0.8845029239766082
"stakin.pool.f863973.m0",6867,7776,0.8831018518518519
"bitcat.pool.f863973.m0",6752,7344,0.9193899782135077
"canary0.near",4910,5616,0.8742877492877493
"moonlet.pool.f863973.m0",4713,5616,0.8392094017094017
"aquarius.pool.f863973.m0",4266,7344,0.5808823529411765
"figment.pool.f863973.m0",4222,4752,0.8884680134680135
"cryptium.pool.f863973.m0",2012,2592,0.7762345679012346
"hashquark01.pool.f863973.m0",1965,2592,0.7581018518518519
"okexpool.pool.f863973.m0",257,864,0.2974537037037037
"stakin-pool.pool.f863973.m0",0,864,0
"shudo.pool.f863973.m0",0,864,0
