ACCOUNT_ID,NUM_PRODUCED_BLOCKS,NUM_EXPECTED_BLOCKS,ONLINE
"nfvalidator4.near",1394952,1396229,0.9990853935851497
"nfvalidator2.near",1374506,1375494,0.9992817126065253
"nfvalidator1.near",1367606,1368578,0.9992897737651781
"nfvalidator3.near",1042071,1077416,0.9671946583306726
"dsrvlabs.poolv1.near",47908,47952,0.9990824157490824
"dokiacapital.poolv1.near",46565,46656,0.9980495541838135
"cryptium.poolv1.near",46148,46224,0.998355832467982
"buildlinks.poolv1.near",45272,45360,0.9980599647266314
"staked.poolv1.near",42459,44064,0.9635757080610022
"sparkpool.poolv1.near",42334,42336,0.9999527588813303
"hashquark.poolv1.near",41445,41472,0.9993489583333334
"zkv_staketosupportprivacy.poolv1.near",40173,40176,0.9999253285543608
"bisontrails.poolv1.near",40149,40176,0.9993279569892473
"certusone.poolv1.near",39310,39312,0.9999491249491249
"figment.poolv1.near",21600,21600,1
"jazza.poolv1.near",10799,10800,0.9999074074074074
"erm.poolv1.near",10797,10800,0.9997222222222222
"huobipool.poolv1.near",10131,10800,0.9380555555555555
"lunanova.poolv1.near",6912,6912,1
"masternode24.poolv1.near",6912,6912,1
"zavodil.poolv1.near",6911,6912,0.9998553240740741
"inotel.poolv1.near",6479,6480,0.9998456790123457
"rocknroll.poolv1.near",4752,4752,1
"fresh.poolv1.near",3794,3888,0.9758230452674898
"baziliknear.poolv1.near",3456,3456,1
"01node.poolv1.near",863,864,0.9988425925925926
