ACCOUNT_ID,NUM_PRODUCED_BLOCKS,NUM_EXPECTED_BLOCKS,ONLINE
"node0",128260,128304,0.9996570644718793
"node1",127314,127440,0.9990112994350282
"node2",94215,95040,0.9913194444444444
"node3",73142,74736,0.9786715906658103
"orangeclub.pool.f863973.m0",12934,13824,0.9356192129629629
"node.pool.6fb1358",12903,12960,0.9956018518518519
"dokia.pool.f863973.m0",12798,12960,0.9875
"staked.pool.6fb1358",12284,12528,0.9805236270753512
"fresh_lockup.pool.f863973.m0",10712,10800,0.9918518518518519
"bisontrails.pool.f863973.m0",9876,9936,0.9939613526570048
"jazza.pool.f863973.m0",8637,8640,0.9996527777777777
"inotel.pool.f863973.m0",7265,7344,0.9892429193899782
"pool_easy2stake.pool.f863973.m0",6901,6912,0.9984085648148148
"dsrvlabs.pool.f863973.m0",6880,6912,0.9953703703703703
"01node.pool.f863973.m0",6478,6480,0.9996913580246913
"alexandruast.pool.f863973.m0",6472,6480,0.9987654320987654
"top.pool.f863973.m0",6467,6480,0.9979938271604938
"lunanova.pool.f863973.m0",6437,6480,0.9933641975308642
"sl1sub.pool.f863973.m0",6414,6480,0.9898148148148148
"kronos.pool.f863973.m0",6404,6481,0.9881191174201512
"zainy.pool.f863973.m0",6380,6480,0.9845679012345679
"staked.pool.f863973.m0",6299,6480,0.9720679012345679
"blazenet.pool.f863973.m0",5019,5616,0.8936965811965812
"masternode24.pool.f863973.m0",4997,5616,0.8897792022792023
"canary0.near",4910,5616,0.8742877492877493
"thepassivetrust.pool.f863973.m0",4834,5616,0.8607549857549858
"syncnode.pool.f863973.m0",3888,3888,1
"certusone.pool.f863973.m0",3879,4752,0.8162878787878788
"sparkpool.pool.f863973.m0",3751,5184,0.7235725308641975
"aquarius.pool.f863973.m0",3434,4752,0.7226430976430976
"bazilik.pool.f863973.m0",3315,5184,0.6394675925925926
"zpool.pool.f863973.m0",2875,3024,0.9507275132275133
"nodeasy.pool.f863973.m0",2592,2592,1
"iosg.pool.f863973.m0",2104,3024,0.6957671957671958
"bitcat.pool.f863973.m0",2021,2592,0.7797067901234568
"cryptium.pool.f863973.m0",2012,2592,0.7762345679012346
"hashquark01.pool.f863973.m0",1965,2592,0.7581018518518519
"stakin.pool.f863973.m0",1724,2592,0.6651234567901234
"figment.pool.f863973.m0",334,864,0.38657407407407407
"okexpool.pool.f863973.m0",257,864,0.2974537037037037
"moonlet.pool.f863973.m0",1,864,0.0011574074074074073
