ACCOUNT_ID,NUM_PRODUCED_BLOCKS,NUM_EXPECTED_BLOCKS,ONLINE
"node0",75563,75600,0.999510582010582
"node1",74700,74736,0.9995183044315993
"node3",73142,74736,0.9786715906658103
"node2",43246,44064,0.9814360929557008
"node.pool.6fb1358",7723,7776,0.9931841563786008
"dokia.pool.f863973.m0",7622,7776,0.9801954732510288
"staked.pool.6fb1358",7160,7344,0.9749455337690632
"fresh_lockup.pool.f863973.m0",5584,5616,0.9943019943019943
"orangeclub.pool.f863973.m0",5159,6048,0.8530092592592593
"jazza.pool.f863973.m0",3887,3888,0.9997427983539094
"01node.pool.f863973.m0",3886,3888,0.9994855967078189
"top.pool.f863973.m0",3882,3888,0.9984567901234568
"alexandruast.pool.f863973.m0",3881,3888,0.9981995884773662
"pool_easy2stake.pool.f863973.m0",3879,3888,0.9976851851851852
"dsrvlabs.pool.f863973.m0",3863,3888,0.9935699588477366
"lunanova.pool.f863973.m0",3859,3888,0.9925411522633745
"canary0.near",3842,3888,0.9881687242798354
"staked.pool.f863973.m0",3831,3888,0.9853395061728395
"sl1sub.pool.f863973.m0",3829,3888,0.9848251028806584
"kronos.pool.f863973.m0",3820,3889,0.9822576497814348
"inotel.pool.f863973.m0",3814,3888,0.9809670781893004
"zainy.pool.f863973.m0",3813,3888,0.9807098765432098
"blazenet.pool.f863973.m0",2450,3024,0.8101851851851852
"masternode24.pool.f863973.m0",2448,3024,0.8095238095238095
"thepassivetrust.pool.f863973.m0",2302,3024,0.7612433862433863
"bisontrails.pool.f863973.m0",2158,2160,0.9990740740740741
"bazilik.pool.f863973.m0",2021,3024,0.6683201058201058
"bitcat.pool.f863973.m0",2021,2592,0.7797067901234568
"cryptium.pool.f863973.m0",2012,2592,0.7762345679012346
"hashquark01.pool.f863973.m0",1965,2592,0.7581018518518519
"aquarius.pool.f863973.m0",1844,2592,0.7114197530864198
"syncnode.pool.f863973.m0",1296,1296,1
"sparkpool.pool.f863973.m0",1260,2592,0.4861111111111111
"zpool.pool.f863973.m0",1152,1296,0.8888888888888888
"iosg.pool.f863973.m0",429,1296,0.33101851851851855
"figment.pool.f863973.m0",334,864,0.38657407407407407
"moonlet.pool.f863973.m0",1,864,0.0011574074074074073
"stakin.pool.f863973.m0",0,864,0
"certusone.pool.f863973.m0",0,864,0
