ACCOUNT_ID,NUM_PRODUCED_BLOCKS,NUM_EXPECTED_BLOCKS,ONLINE
"node0",214217,214272,0.9997433169056152
"node1",211961,212112,0.9992881119408614
"node2",175694,177552,0.9895354600342435
"node3",73142,74736,0.9786715906658103
"bisontrails.pool.f863973.m0",28879,28944,0.9977542841348811
"orangeclub.pool.f863973.m0",25888,26784,0.966547192353644
"staked.pool.6fb1358",24778,25056,0.988904853128991
"dokia.pool.f863973.m0",21437,21600,0.9924537037037037
"fresh_lockup.pool.f863973.m0",19347,19440,0.995216049382716
"node.pool.6fb1358",15342,16416,0.9345760233918129
"jazza.pool.f863973.m0",14253,14256,0.9997895622895623
"inotel.pool.f863973.m0",11495,11664,0.9855109739368999
"pool_easy2stake.pool.f863973.m0",11186,11232,0.9959045584045584
"alexandruast.pool.f863973.m0",10792,10800,0.9992592592592593
"top.pool.f863973.m0",10734,10800,0.9938888888888889
"sl1sub.pool.f863973.m0",10733,10800,0.9937962962962963
"kronos.pool.f863973.m0",10724,10801,0.9928710304601426
"01node.pool.f863973.m0",10695,10800,0.9902777777777778
"zainy.pool.f863973.m0",10665,10800,0.9875
"lunanova.pool.f863973.m0",10614,10800,0.9827777777777778
"dsrvlabs.pool.f863973.m0",9754,9936,0.981682769726248
"masternode24.pool.f863973.m0",9314,9936,0.9373993558776168
"staked.pool.f863973.m0",9308,9936,0.9367954911433173
"blazenet.pool.f863973.m0",9298,9936,0.9357890499194848
"thepassivetrust.pool.f863973.m0",9153,9936,0.9211956521739131
"certusone.pool.f863973.m0",8628,9504,0.9078282828282829
"syncnode.pool.f863973.m0",8208,8208,1
"bazilik.pool.f863973.m0",7635,9504,0.8033459595959596
"sparkpool.pool.f863973.m0",7611,9072,0.8389550264550265
"zpool.pool.f863973.m0",7167,7344,0.9758986928104575
"nodeasy.pool.f863973.m0",6875,6912,0.9946469907407407
"iosg.pool.f863973.m0",6401,7344,0.8715958605664488
"stakin.pool.f863973.m0",6041,6912,0.8739872685185185
"bitcat.pool.f863973.m0",5889,6480,0.9087962962962963
"canary0.near",4910,5616,0.8742877492877493
"aquarius.pool.f863973.m0",4266,7344,0.5808823529411765
"moonlet.pool.f863973.m0",3853,4752,0.8108164983164983
"figment.pool.f863973.m0",3358,3888,0.8636831275720165
"cryptium.pool.f863973.m0",2012,2592,0.7762345679012346
"hashquark01.pool.f863973.m0",1965,2592,0.7581018518518519
"okexpool.pool.f863973.m0",257,864,0.2974537037037037
"stakin-pool.pool.f863973.m0",0,864,0
"shudo.pool.f863973.m0",0,864,0
