ACCOUNT_ID,NUM_PRODUCED_BLOCKS,NUM_EXPECTED_BLOCKS,ONLINE
"node0",257747,257879,0.9994881320309137
"node1",255534,255718,0.9992804573788314
"node2",217027,219001,0.9909863425281163
"node3",73142,74736,0.9786715906658103
"bisontrails.pool.f863973.m0",39651,39739,0.9977855507184378
"orangeclub.pool.f863973.m0",32359,33261,0.9728811521000571
"staked.pool.6fb1358",31212,31533,0.9898201883740843
"fresh_lockup.pool.f863973.m0",22549,22894,0.9849305494889491
"dokia.pool.f863973.m0",22301,25054,0.890117346531492
"jazza.pool.f863973.m0",16839,16847,0.9995251380067668
"node.pool.6fb1358",15342,16416,0.9345760233918129
"inotel.pool.f863973.m0",13606,13823,0.9843015264414382
"pool_easy2stake.pool.f863973.m0",13340,13391,0.9961914718841013
"alexandruast.pool.f863973.m0",12940,12959,0.9985338374874605
"kronos.pool.f863973.m0",12878,12960,0.9936728395061728
"sl1sub.pool.f863973.m0",12875,12959,0.9935180183656146
"top.pool.f863973.m0",12862,12959,0.9925148545412454
"01node.pool.f863973.m0",12845,12958,0.9912795184442044
"lunanova.pool.f863973.m0",12768,12959,0.9852612084265762
"zainy.pool.f863973.m0",12261,12527,0.9787658657300231
"dsrvlabs.pool.f863973.m0",11879,12095,0.9821413807358412
"staked.pool.f863973.m0",11458,12095,0.9473336089293096
"blazenet.pool.f863973.m0",11415,12095,0.9437784208350558
"thepassivetrust.pool.f863973.m0",11302,12094,0.9345129816437903
"certusone.pool.f863973.m0",11219,12095,0.9275733774286895
"masternode24.pool.f863973.m0",10819,11663,0.9276343993826631
"syncnode.pool.f863973.m0",10365,10366,0.9999035307736832
"bazilik.pool.f863973.m0",9789,11663,0.8393209294349653
"zpool.pool.f863973.m0",9321,9503,0.9808481532147743
"nodeasy.pool.f863973.m0",9029,9071,0.9953698599933856
"sparkpool.pool.f863973.m0",8827,10368,0.8513695987654321
"iosg.pool.f863973.m0",8547,9503,0.8994001894138693
"stakin.pool.f863973.m0",8162,9071,0.899790541285415
"bitcat.pool.f863973.m0",8026,8639,0.9290427132769996
"moonlet.pool.f863973.m0",6006,6911,0.8690493416292866
"figment.pool.f863973.m0",5514,6047,0.9118571192326773
"aquarius.pool.f863973.m0",5512,8639,0.6380368098159509
"canary0.near",4910,5616,0.8742877492877493
"cryptium.pool.f863973.m0",2012,2592,0.7762345679012346
"hashquark01.pool.f863973.m0",1965,2592,0.7581018518518519
"okexpool.pool.f863973.m0",257,864,0.2974537037037037
"stakin-pool.pool.f863973.m0",0,864,0
"shudo.pool.f863973.m0",0,864,0
