ACCOUNT_ID,NUM_PRODUCED_BLOCKS,NUM_EXPECTED_BLOCKS,ONLINE
"node0",222856,222912,0.9997487797875395
"node1",220601,220752,0.9993159744872073
"node2",183863,185760,0.9897878983634798
"node3",73142,74736,0.9786715906658103
"bisontrails.pool.f863973.m0",31038,31104,0.9978780864197531
"orangeclub.pool.f863973.m0",27182,28080,0.968019943019943
"staked.pool.6fb1358",26072,26352,0.9893746205221615
"dokia.pool.f863973.m0",22301,22464,0.9927439458689459
"fresh_lockup.pool.f863973.m0",20210,20304,0.9953703703703703
"node.pool.6fb1358",15342,16416,0.9345760233918129
"jazza.pool.f863973.m0",14685,14688,0.9997957516339869
"inotel.pool.f863973.m0",11916,12096,0.9851190476190477
"pool_easy2stake.pool.f863973.m0",11618,11664,0.9960562414266118
"alexandruast.pool.f863973.m0",11224,11232,0.9992877492877493
"sl1sub.pool.f863973.m0",11165,11232,0.9940349002849003
"kronos.pool.f863973.m0",11156,11233,0.9931451971868601
"top.pool.f863973.m0",11147,11232,0.9924323361823362
"01node.pool.f863973.m0",11124,11232,0.9903846153846154
"zainy.pool.f863973.m0",11094,11232,0.9877136752136753
"lunanova.pool.f863973.m0",11046,11232,0.9834401709401709
"dsrvlabs.pool.f863973.m0",10161,10368,0.9800347222222222
"staked.pool.f863973.m0",9740,10368,0.939429012345679
"blazenet.pool.f863973.m0",9729,10368,0.9383680555555556
"masternode24.pool.f863973.m0",9722,10368,0.9376929012345679
"thepassivetrust.pool.f863973.m0",9585,10368,0.9244791666666666
"certusone.pool.f863973.m0",9060,9936,0.9118357487922706
"syncnode.pool.f863973.m0",8640,8640,1
"bazilik.pool.f863973.m0",8067,9936,0.8118961352657005
"sparkpool.pool.f863973.m0",7970,9504,0.8385942760942761
"zpool.pool.f863973.m0",7597,7776,0.9769804526748971
"nodeasy.pool.f863973.m0",7307,7344,0.9949618736383442
"iosg.pool.f863973.m0",6830,7776,0.878343621399177
"stakin.pool.f863973.m0",6465,7344,0.8803104575163399
"bitcat.pool.f863973.m0",6321,6912,0.9144965277777778
"canary0.near",4910,5616,0.8742877492877493
"moonlet.pool.f863973.m0",4285,5184,0.8265817901234568
"aquarius.pool.f863973.m0",4266,7344,0.5808823529411765
"figment.pool.f863973.m0",3790,4320,0.8773148148148148
"cryptium.pool.f863973.m0",2012,2592,0.7762345679012346
"hashquark01.pool.f863973.m0",1965,2592,0.7581018518518519
"okexpool.pool.f863973.m0",257,864,0.2974537037037037
"stakin-pool.pool.f863973.m0",0,864,0
"shudo.pool.f863973.m0",0,864,0
